,FM6,FM14,FM44,FM55,FM62,FM63,FM65,FM72,FM73,FM106,FM130,FM174,FM195,FM245,FM321,FM332,FM359,FM373,FM376,FM380,FM382,FM383,FM386,FM403,FM405,FM506,FM589,FM594,FM608,FM610,FHC633,FHC636,FHC644,FHC649,FHC659,FHC671,FHC680,FHC705,FHC712,FHC724
Abiotrophia defectiva,0,0.01178,0,0.0378,0.8,0.60587,0.07806,0,0.12894,0.01272,0,0,0,0.13585,0,0,0,0,0,0.10124,1.92699,0.07132,0,0.03334,0,0.00569,0.11335,0,0.11524,0.55788,0,0,0,0,0,0,0,0.96056,0,0.00193
Acinetobacter baumannii,0,0,0,0,0,0,0,0,0,0,0,0,0,0,0,0,0,0,0,0,0,0,0,0,0,0,0,0,0,0,0,0,0,0,0,0,0,0,0.02542,0
Acinetobacter unclassified,0,0,0,0,0,0,0,0,0,0,0,0,0,0,0,0,0,0,0,0,0,0,0.01166,0,0,0,0,0,0,0,0,0,0,0,0,0,0,0,0.0366,0
Acinetobacter ursingii,0,0,0.00666,0,0,0,0,0,0,0,0,0,0,0,0,0,0,0,0,0,0,0,0,0,0,0,0,0,0,0,0,0,0,0,0,0,0,0,0,0
Actinobacillus unclassified,0.02847,0.00237,0.13222,0.03876,0,0,0.15881,0.91786,0.06292,0,4.54356,0,0,0,0.00803,0.05361,0.14709,0,0.19311,5.00078,0,0.09257,1.42366,0,0.14203,0.84632,0,3.18142,0,0,0,0.22011,1.00442,0.04804,0.84934,0.04585,0.03118,0,0.07812,0
Actinobaculum sp oral taxon 183,0,0,0,0,0,0,0,0,0,0,0,0,0,0,0,0,0,0,0,0,0,0,0,0,0,0,0,0,0,1.26803,0,0,0,0,0,0,0,0,0,0
Actinomyces cardiffensis,0,0,0,0,0,0,0,0,0,0.02195,0,0,0,0,0,0,0,0,0,0,0,0,0,0,0,0,0,0,0,0,0,0,0,0,0,0,0,0,0,0
Actinomyces georgiae,0,0,0,0,0,0,0,0,0,0,0,0,0,0,0,0,0,0,0,0,0,0,0,0,0,0,0,0,0,0.05038,0,0,0,0,0,0,0,0,0,0
Actinomyces graevenitzii,11.18996,10.71074,0.01905,5.33227,0.09411,0.33273,0.09534,0.28541,0.35452,0.40742,1.48646,2.55881,0.07003,0.00272,0.40754,0,0.80902,2.57473,1.14061,0,0.01675,0.55489,2.73333,2.91776,3.96912,1.30592,0.64398,3.89857,0,0,2.15205,1.41457,2.92164,0.78894,0.00297,1.20408,1.38694,0.88657,2.2288,0
Actinomyces johnsonii,0,0.01974,0,0,0.0415,0.0569,0,0,0.00147,0,0,0.17577,0,0,0,0,0.11918,0,0,0,0,0,0,0,0,0,0,0,0,0.00146,0,0,0,0,0,0,0,0,0.09361,0
Actinomyces massiliensis,0,0.0004,0,0,9.54693,0.01023,0,0,0,0.05221,0,0,0,0,0,0,0.23229,0,0,0,0,0,0,0,0.03662,0,0,0,0,0.22861,0,0,0,0.01205,0.01097,0,0,0,0.07085,0
Actinomyces naeslundii,0,0.00364,0,0,3.49129,0.07336,0,0,0.00749,0.02488,0,0,0,0,0,0,0.13727,0,0.20792,0,0.00839,0,0,0,0.0069,0,0,0.00833,0,0.10706,0,0,0,0.01024,0,0,0,0,0,0
Actinomyces odontolyticus,0.60354,0.83857,1.36464,1.50183,0,0.65092,0.14731,0.40726,0.42655,0.77962,0.17795,0,0.01692,0.26677,0.15512,0,1.45776,2.1302,0.2822,0,0.3093,0.25602,0.17751,0.25064,0.37576,0.29873,0.25037,0.01812,0,0.03473,0.39047,0.15308,0.23193,0.07656,0.13247,0.21662,0.49964,0,0.33649,0.02514
Actinomyces oris,0,0.00883,0,0.00668,0.63412,0.77898,0.00595,0,0.00929,0,0,0,0.00651,0,0,0.09284,0.22363,0.04955,0.8731,0,0.30704,0,0.02803,0,0.09127,0,0.00316,0,0.02321,0.35483,0.0357,0.00807,0.01701,0.10348,0,0,0,0,0.07338,0
Actinomyces sp ICM39,0,0,0,0,0,0,0,0,0,0,0,0,0,0.45692,0,0,0,0,0,0,0,0,0,1.66766,0,0,0,0,0,0,0,0,0,0,0,0,0,0,0,0
Actinomyces sp ICM47,2.5296,3.34519,0.81904,0.93651,0,0,0,0,0,3.49944,0,0,0,0,0.9264,0,0,0,0,0,0,0,3.23196,0,8.23548,0,0,0,0,0,13.82435,0,0,0,0,0,0,0,0,0
Actinomyces sp oral taxon 849,0,0,0,0,0,0,0,0,0,0,0,0,0,0,0,0,0,0,0,0,0,0,0,0,0,0,0,0,0,0.5939,0,0,0,0,0,0,0,0,0,0
Actinomyces viscosus,0,0.00692,0,0.00747,0.68473,0.09529,0.00322,0,0.08502,0.03542,0,0.0481,0.06621,0,0.01055,0.01981,0.34214,0.07471,0.25772,0,0.02045,0.00087,0.02009,0,0.07968,0,0.01626,0,0.00416,0.02321,0.14541,0.0287,0,0.07089,0.00277,0,0.01478,0,0.0441,0
Aggregatibacter actinomycetemcomitans,0,0,0,0,0,0,0,0,0,0,0,0,0,0,0,0,0,0,0,0,0,0.00556,0,0,0,0,0,0,0,0,0,0,0,0.0101,0,0,0.10518,0.33138,0,0
Aggregatibacter aphrophilus,0,0,0,0,0,0,0,0.23085,0.1943,0,0,0,0,0,0,0,0,0,0.0172,0.04929,0,0.03528,0,0,0,0,0.00323,0,0,0,0,0,0,0,0,0,0.03444,0,0,0
Aggregatibacter segnis,0.00793,0.00204,0.071,0.09741,0.03494,0.41115,0.14834,0,0.24891,0.27347,0.09931,0,0.16616,0,0.0364,0.08552,0.01886,0.11912,0.02188,0.19647,0,1.0359,0.00614,0.12314,0,0.09099,0.07011,0.08653,0.12569,0.049,0.05171,1.67711,0,0.28059,0.03186,0.24443,0,0,0.02084,0.10048
Aggregatibacter sp oral taxon 458,0,0,0,0,0,0,0,0,0,0,0,0,0,0,0,0,0,0,0,0,0,1.48904,0,0,0,0,0,0,0,0,0,0,0,0,0,0,0,0,0,0
Aggregatibacter unclassified,0,0.05128,0,0.0121,0.15511,0.29423,0.02899,0,0.20003,0,0.14923,0,0,0.01435,0.03745,0.12304,0.02293,0.19704,1.32213,0.20943,0,0,0.03956,0.045,0.01567,0.20694,0.32812,0.15319,0.06008,0.16906,0.17637,0,0.46678,0.24097,0.61213,0.05253,0.22607,1.05861,0.1103,0.13005
Alicycliphilus unclassified,0,0,0,0,0,0,0,0,0,0,0,0,0,0,0,0,0,0,0,0,0,0.00452,0,0,0,0,0,0,0,0,0,0,0,0,0,0,0,0,0,0
Alloprevotella rava,0.27241,2.04098,0.03711,0.02544,4.78264,0.1769,0.02097,0.00384,0.01581,0,0.16353,4.24255,0.03652,0.05589,12.04328,0.03058,0,0.02091,3.89477,0.00191,0,0.25067,0.01489,0.05245,3.41709,3.93593,0.01839,0,0,0,0,0,0.23251,1.02714,0.001,4.47242,0.01988,0.19354,0.09362,0.07814
Alloprevotella tannerae,0.01308,0.9405,0.06664,0.218,3.25544,0.58428,5.95241,0.53739,1.0832,2.12114,0.11068,2.78847,0.10732,1.13491,1.47449,0.45318,0.18585,0.74136,0.32384,2.68766,0.42665,5.20184,0.41404,9.789,0.17941,0.32687,3.30096,0.06025,0.36142,0.12047,0.34196,8.05859,0.62986,2.86447,0.24949,13.67423,14.5528,0.62519,3.52196,0.57436
Alloprevotella unclassified,0,0,0,0,0,0,0,0,0,0,0.43776,0,0,0.24715,0,0.43111,0,0,0,3.77356,5.94167,0,0,0,0,0,0,0.42756,0,0.04468,0,0,0,0,0.09869,0,0,2.51724,0,0.28503
Alloscardovia omnicolens,0.10089,0,0,0,0,0,0,0,0,0,0,0,0,0,0,0,0,0,0,0,0,0,0,0,0,0,0,0,0,0,0,0,0,0,0,0,0,0,0,0
Anaeroglobus geminatus,0.00738,0.01526,0,0.00144,0,0.05631,0,0,0.02123,0,0,0,0,0.00071,0.00223,0,0,0.00913,0,0,0,0.00367,0,0,0,0.1629,0,0,0,0,0.18088,0,0,0,0,0,0.03593,0,0.03087,0
Atopobium parvulum,3.38761,2.25522,0,0.02955,0.3251,0.27486,0.01135,0,0.03643,0.20504,0.00316,1.23283,0.4205,0.00967,5.51426,0.02429,0.06102,0.36792,0.55013,0,0.00049,0.10883,0.09724,0.07325,0.13174,0.83732,0.11861,0.05885,0,0.00302,0.56609,0.01937,0.43911,0.01893,0,0.02678,2.21239,0.00249,0.07124,0
Atopobium rimae,0.0042,0.03535,0,0.00964,0,0.11277,0.01186,0,0.03213,0.09079,0,0.34305,0,0,0.01975,0,0.01856,0.00451,0,0,0,0.00344,0,0,0,0.02901,0.01909,0,0,0,0,0,0,0,0,0,0.00252,0,0,0
Bacteroidetes bacterium oral taxon 272,0.00071,0,0.00448,0,0,0,0,0,0,0,0,0,0,0,0,0.02796,0,0,0,0,0,0,0,0,0,0,0,0,0,0,0,0,0,0,0,0,0,0,0,0
Bacteroidetes oral taxon 274,0.04348,0.01232,0.01482,0.01743,0.08858,0.28686,0.0516,1.1598,0.03447,0.02363,0,0,0,0.06755,0.00246,0.05683,0.18567,0.05348,0.01004,0.03264,0.01737,0.01007,0.08804,0,0,0.04232,0.07851,0,0.01781,0.00584,0.00921,0.2318,0,0.09286,0,0.00408,0.01815,0.04232,0.05462,0.01341
Bulleidia extructa,0,0,0.00416,0,0,0,0,0,0.00433,0.02895,0,0,0,0,0,0,0.00292,0,0,0,0,0,0,0,0,0,0,0,0,0,0.0089,0,0,0,0,0,0,0,0,0
Burkholderia unclassified,0,0,0,0,0,0,0,0,0.02619,0,0,0,0,0,0,0,0,0,0,0,0,0,0,0,0,0,0,0,0.10951,0,0,0,0,0,0,0,0,0,0,0
Campylobacter concisus,0.26798,0.16099,0.07577,0.20095,0.03188,0.04987,0.02792,0.02387,0.02947,0.09691,0.11986,1.90509,0.38323,0,0.6093,0.01895,0.32346,0.22454,0.88808,0.06243,0.06313,0.06119,0.60107,0.96767,1.08863,0.82354,0.0425,0,0.18113,0.02425,0.36208,0.23196,0.64016,1.13036,0.04412,0.12229,2.08795,0.27525,0.39239,0.08119
Campylobacter gracilis,0,0,0,0,0.06829,0.09083,0,0,0.00106,0.03374,0,0,0.01445,0,0,0.03136,0.03074,0.97947,0,0,0.00945,0.00213,0,0,0,0.00435,0,0,0.01252,0.02116,0,0,0,0,0,0,0.01755,0,0.0248,0
Campylobacter rectus,0,0,0.00875,0.02477,0,0,0.01443,0.06584,0.09597,0.14505,0,0,0.0466,0,0.09638,0,0.04418,0.16947,0.00989,0,0,0.01152,0,0,0,0.03953,0,0,0,0.01418,0,0.01531,0.01143,0.0462,0,0.07204,0.004,0.30155,0,0.06264
Campylobacter showae,0.00739,0.26335,0.08404,0.20599,0.11432,0.12974,2.93487,0.29922,0.31195,0.30925,0.08072,0.00598,0.10216,0.1643,0.25409,0,0.06127,1.28802,0.61634,0.91946,0.44183,2.94497,4.70671,0.00333,0.12625,0.15405,0.30923,0.01399,0.42381,0.35058,0.1021,1.3019,0.02607,3.91961,0.0561,0.63689,0.02444,0.17699,0,0.20228
candidate division TM7 single cell isolate TM7b,0.0362,0.08297,0,0.0204,0,0.04113,0.01392,0,0.016,0.27136,0.04563,0.99721,0,0,0.31527,0,0.07608,0.18744,0.02415,0,0,0.00284,0.01371,0.02717,0.02012,0.06037,0,0.01728,0,0.0231,0,0,0.02913,0.01846,0,0.02995,0.01772,0.02137,0.30746,0.01825
candidate division TM7 single cell isolate TM7c,0.01897,0.03799,0.00039,0.02394,0,0.04161,0.00908,0,0.04506,0.36107,0.03122,1.11291,0,0.01367,0.14082,0,0.13008,0.1693,0.04876,0,0,0.00784,0,0,0,0.04234,0,0,0,0.03568,0,0,0,0.01246,0,0.01027,0.01016,0,0.18591,0
Candidatus Prevotella conceptionensis,0,0.01505,0.00136,0.00348,0,0.03726,0.07785,0,0.01179,0,0,0,0.02505,0.03096,0.00916,0.00717,0,0.33971,0,0,0,0.05341,0,0,0,0.06741,0.04062,0,0.27157,0.06998,0,0.12307,0,0.02104,0,0.01703,0.06923,0,0.23224,0
Capnocytophaga gingivalis,0.00776,0.02131,0.00206,0.38171,0.01531,0.08396,0.21141,0.14469,0.36102,0.21037,0,0,0,1.01209,0.01852,0.00328,0.16934,0.09091,0.03869,0.51711,0.23054,0.18661,0.20571,0.20501,0.03528,0.07401,0.27191,0,0.12596,3.51108,0.21875,0.3963,0,0.60934,0.31429,0.61591,0,0,0.03268,0.16146
Capnocytophaga granulosa,0,0.00999,0.0301,0.00332,0,0.30861,0.03841,0,0.06033,0.18712,0,0.15485,0,0.3221,0.02161,0,0.14938,0.01407,0,0,0.20594,0.00695,0,0,0.02758,0.06278,0.0145,0,0.30973,0.22185,0,0.17138,0,2.18922,0.02877,0.02633,0.03091,0,0.07756,0
Capnocytophaga ochracea,0,0.00198,0,0.00103,0.33932,0.05307,0,0,0.00409,0.03289,0,0,0,0.05728,0,0.00148,0.04158,0.07411,0.00291,0,0.03685,0.00129,0,0,0,0,0,0,0.03938,0.18989,0,0,0,0.01779,0.01093,0.02037,0,0,0.02952,0
Capnocytophaga sp oral taxon 329,0,0.09607,1.07392,0,0,0,0,0,0.71078,2.39164,0,0,0,0.4897,0,0,0,0,0,0,3.0481,0.33385,0,0,0,0,0,0,0,0,0,0,0,0,0,0,0,0,0,0
Capnocytophaga unclassified,0.041,0.08311,2.48361,0,2.02947,2.72224,0.7898,0.20586,0.50629,1.17607,0.51849,0.85586,0.21558,5.59396,0.12435,0.86994,1.08907,1.79366,0.17088,0.42137,4.0966,0.05479,1.20942,0.84067,0.11794,0.25261,0.4562,0.19527,4.22782,4.7624,0.08498,2.1142,0,1.46716,1.04652,0.76821,0.10795,0.52122,0.85101,0.52795
Cardiobacterium hominis,0,0.03606,0,0.00474,0.50565,2.45033,0.01205,0,0.0057,0.13834,0,0,0,0.00379,0.00431,0,0.00602,0.01473,0.03776,0,0,0.01526,0,0,0.01505,0,0,0,0.036,1.61615,0,0,0,0.07798,0.14391,0.00193,0,0,0,0
Cardiobacterium valvarum,0,0,0,0,0.599,0.13125,0.00434,0,0,0,0,0,0,0,0,0,0,0,0,0,0.85234,0,0,0,0,0,0,0,0.1348,0.17609,0,0,0,0,0,0,0,0,0,0
Catonella morbi,0,0,0,0.00022,0,0,0.00759,0.04501,0.0151,0.07867,0,0,0,0.00922,0.01836,0,0,0.04192,0.02084,0,0.00813,0.01047,0.00838,0,0,0.01501,0.05718,0,0,0.00106,0,0.01672,0,0.00265,0,0.01413,0,0,0.00834,0.03456
Caulobacter unclassified,0,0,0,0,0,0,0,0,0,0,0,0,0,0,0,0,0,0,0.02133,0,0,0,0,0,0,0,0,0,0,0,0,0,0,0,0,0,0,0,0,0
Caulobacter vibrioides,0,0,0,0,0,0,0,0,0,0,0,0,0,0,0,0,0,0,0,0,0,0,0,0,0,0,0,0,0,0,0,0,0,0,0,0,0,0,0.01227,0
Centipeda periodontii,0,0,0,0,0,0.04544,0,0,0,0,0,0,0,0,0,0,0,0,0,0,0,0,0,0,0,0.00206,0,0,0,0,0,0,0,0,0,0,0.00087,0,0,0
Corynebacterium durum,0,0.01421,0,0.01777,2.14826,0.06214,0.00553,0,0,0,0,0,0,0,0.00516,0,0.20331,0,0.00969,0,1.65261,0,0.01386,0,0.07973,0,0.00528,0.1446,0,8.72307,0.24017,0.0453,0.05369,0.12091,0.00573,0,0,0,0.26282,0
Corynebacterium matruchotii,0.01056,0.08052,0.00664,0.02033,2.7147,1.45711,0.02883,0,0.07601,0.78794,0.23448,0.65327,0,0,0.11858,0.27547,1.26326,1.1627,2.04056,0,0,0.04566,0.03458,0.08136,0.37716,0.21094,0.05312,0.14831,0.04149,9.13322,0.47854,0.05101,0.22794,0.05469,0.02703,0.05564,0.2066,0.20866,3.05909,0.19134
Cryptobacterium curtum,0.38596,0,0,0,0,0,0,0,0,0,0,0,0,0,0,0,0,0,0,0,0,0,0,0,0,0,0,0,0,0,0,0,0,0,0,0,0,0,0,0
Deinococcus unclassified,0,0,0,0,0,0,0,0,0,0,0,0,0,0,0,0,0,0,0,0,0,0,0,0,0,0,0,0,0,0,0,0,0,0,0,0,0,0,0.02365,0
Desulfobulbus sp oral taxon 041,0,0,0,0,0,0,0,0,0,0,0,0,0,0,0,0,0,0,0,0,0,0,0,0,0,0,0,0,0,0,0,0,0,0.00539,0,0,0,0,0,0
Dialister invisus,0.03405,0.79305,0,0.0349,0,0.12717,0.02818,0,0.07381,0.23802,0,0.22275,0,0.00514,0.05284,0,0.04433,0,0,0,0,0.03659,0,0,0,0.05055,0.08324,0,0,0.0044,0,0,0,0,0,0.01258,0,0,0.06884,0
Eikenella corrodens,0,0.01584,0.23989,0.00018,0.74158,2.11658,0.65796,0,0.07745,0.40483,0,0,0.04128,0.33121,0,0.03637,0,0.1056,0,0,0.61154,0.04881,0,0.01452,0,0.00178,0.03728,0.04158,1.44208,0.60856,0,0,0,0.00405,0.13999,0,0,0,0,0
Escherichia coli,0,0,0,0,0,0,0,0,0,0,0,0,0,0,0,0,0,0,0,0,0,0,0,0,0,0,0,0,0,0,0.01104,0,0,0,0,0,0,0,0.04842,0.13861
Escherichia unclassified,0,0,0,0,0,0,0,0,0,0,0,0,0,0,0,0,0,0,0,0,0,0,0,0.11291,0.03486,0.04039,0.00829,0,0,0.00901,0.07862,0.03438,0,0,0,0,0,0.04755,0,0
Eubacteriaceae bacterium CM5,0,0,0,0,0,0,0,0,0,0,0,0,0,0,0.00273,0,0,0,0,0,0,0,0,0,0,0,0,0,0,0,0,0,0,0,0,0,0,0,0,0
Eubacteriaceae noname unclassified,0,0,0,0,0,0,0,0,0,0,0,0,0,0,0,0,0,0,0,0,0,0,0,0,0,0,0.01205,0,0,0,0,0,0,0,0,0,0,0,0,0
Eubacterium brachy,0,0.00124,0.05602,0.00866,0,0,0.00579,0.19309,0.02518,0,0,0,0,0,0,0.25893,0.04494,0,0,0,0,0.00795,0.01667,0,0,0.00884,0,0,0,0,0,0.09054,0,0.01556,0,0,0,0,0,0.06032
Eubacterium infirmum,0.29687,0.17148,0,0.07041,0.06938,0.00795,0,0,0.04445,0.06649,0,0.1348,0.0536,0,0.0672,0,0.00549,0.10177,0.0164,0,0,0.0393,0.04259,0.20067,0.0154,0.10752,0.10023,0,0.03418,0,0.16958,0,0,0.01541,0,0.0509,0.49666,0,0.02442,0
Eubacterium saphenum,0,0,0,0.25,0,0.02128,0.01979,0,0.08989,0.12842,0,0,0.17272,0,0.14904,0,0,0,0,0,0,0.00735,0,0,0,0.16772,0.04792,0,0,0.00588,0.15969,0.21608,0,0.09136,0,0.01388,0.11252,0,0,0.17756
Eubacterium yurii,0,0,0,0,0,0,0.01185,0,0,0,0,0,0,0,0,0,0,0,0,0,0,0,0,0,0,0,0,0,0,0,0,0,0,0,0,0,0,0,0,0
Filifactor alocis,0,0,0,0.06035,0,0.01289,0.04129,0.71094,0.10634,0.73183,0.037,0,0,0.07189,0.20205,0.1694,0.21534,0.10926,0.03385,0,0.00251,0.01776,0.01723,0,0,0.21377,0.17497,0.04317,0,0.00209,0.11356,0.15352,0.06706,0.05435,0,0.04569,0.02335,0.05216,0,0.20762
Fretibacterium fastidiosum,0,0,0.00066,0.01247,0,0,0.01433,0.35788,0.03045,0.01765,0,0,0,0,0.00557,0,0,0.01472,0,0,0,0.00469,0,0,0,0.01122,0.00764,0,0,0,0,0,0,0.01595,0,0,0,0,0,0.02303
Fusobacterium nucleatum,0.07077,0.07554,1.61709,0.11201,0.03492,0.0375,0.14923,1.97856,0.40472,0.21553,0.21166,0.53726,0.09226,0.91714,0.21434,0,1.0185,0.49677,0.19843,0.42652,0.34639,0.14541,0.2034,0.14465,0.12567,0.4233,0.34165,0.5449,0.17645,1.14512,0.66289,0.32024,0.16347,0.14016,0.06068,0.10597,0.11336,0.25849,0.24723,0.292
Fusobacterium periodonticum,1.58386,0.53032,0.13247,4.11564,0.05507,1.59445,4.99791,2.61263,1.4938,0.12045,0.26643,0.26596,0.03997,13.88397,0.76527,1.12469,0.40037,2.81029,1.07425,1.90673,1.9857,1.98637,2.55695,2.82751,2.19443,1.4313,3.32336,0.19642,1.38656,0.08213,0.53021,2.21341,0.19472,2.22669,0.75222,0.94649,0.45237,0.07669,1.8262,1.41043
Gemella haemolysans,0.04023,0.16371,0.01926,0.16521,3.62424,0.05898,0.01146,3.97657,0.29445,0.25772,10.23508,0,0,1.32647,0.00334,0,0,0.05833,0.03993,4.22147,1.90715,0.07195,0.40422,0.07984,0.24074,0.20539,0.02403,0.68288,0,1.96131,0.28546,2.98886,0.02016,0.24384,0.29408,0.06175,0.26662,8.05173,0.77554,1.9896
Gemella morbillorum,0.00411,0.12146,0,0.04188,0,0,0.16042,0.00638,0.08028,0,0,0,0,1.97607,0,0,0.10759,0,0.19057,0.80717,0.11216,0.05496,0,0.02176,0,0.0827,0.09097,0.36231,0,0.08644,0.08381,0.1296,0,0.02349,0.01233,0,0.01428,0.10927,0.09302,0.00922
Gemella sanguinis,0.093,0.07054,0.37678,0.42996,0,0.30484,0.13356,0.15385,0.05609,0.25038,0.03822,0.33991,0,0.10772,0,0.4463,2.78872,0,0.24826,0,4.4287,0.10974,0.04436,0.50369,0.18919,0.1041,0.08301,0.1158,0.08909,0.01095,0.11985,0.45336,0,0.05379,0.01686,0.10433,0.06373,0.14332,1.13916,1.35631
Gemella unclassified,0,0,0,0,0,0,0,0.34662,0.00081,0.00773,0,0,0,0,0.01604,0,0,0.00094,0,1.47909,0,0,0.05043,0.04497,0.08788,0.03663,0,0,0.05042,0,0.02206,0.9121,0.11196,0.01291,0.0138,0.00158,0,2.04835,0,0
Geobacillus kaustophilus,0,0,0,0,0,0,0,0,0,0,0,0,0,0,0,0,0,0,0.01186,0,0,0,0,0,0,0,0,0,0,0,0,0,0,0,0,0,0,0,0,0
Geobacillus unclassified,0,0,0,0,0,0,0,0,0,0,0,0,0,0,0,0,0,0,0.05799,0,0,0,0,0,0,0,0,0,0,0,0,0,0,0,0,0,0,0,0,0
Granulicatella adiacens,0.59802,0.14557,0.57944,0.05793,0.19346,0.56144,0.05928,0.06547,0.16602,1.58714,0.26627,0.03479,0.30333,0.21108,0.03654,0.25008,0.84329,0.55422,0.17355,0.14626,1.04943,0.11721,0.18413,0.11975,0.198,0.05895,0.25777,0.03628,0.40933,0.11312,0.26362,0.3101,0.32383,0.05218,0.12442,0.15686,0.30341,0.40675,0.35862,0.61352
Granulicatella elegans,0.00746,0.02226,0,0.07671,0.60106,0,0,1.18085,0.23198,0.06679,6.56762,0,0,0.05487,0,0,0,0,0,10.77068,0.63794,0.0785,0,0,0,0.24676,0.06708,0.04318,0,1.99945,0,0.01542,0,0.01096,0.11014,0.0091,0,5.75564,0.08416,2.33766
Granulicatella unclassified,1.73277,0.33989,1.77231,0.12776,0.01731,0.02535,0.26875,0.65192,0.38143,1.85148,1.40154,0.09201,0.1283,0.4662,0.07048,0.68512,2.02378,0.57645,0.64392,1.43331,0.70083,0.25502,0.48741,0.43169,0.64531,0.20811,0.22905,0.19915,0.65216,0,0.22814,0.19977,0.79995,0.18082,0.27639,0.48973,0.94793,0.85664,0.8425,1.2835
Haemophilus aegyptius,0,0,0,0,0.12663,0,0,0,0,0,0,0,0,0,0,0,0,0,0,0,0,0,0,0,0,0,0,0,0,0,0,0,0,0,0,0.04037,0,0,0,0
Haemophilus haemolyticus,0,0.05939,0.03571,0.01828,1.66581,0,0.06047,1.60589,0.28841,0.04074,0.09394,0,0.27861,0,0.04196,0.09036,0,0.17655,0.15724,9.79511,0.35021,0.15123,0.0493,0.08602,0.00316,0.13425,0.04109,0.162,0.06383,0.93371,0.06218,0.47255,0.0254,1.0157,0.3515,0.0619,0.11562,0.55593,0.0274,1.03456
Haemophilus influenzae,0,0.04498,0.05322,0.02554,2.06807,0,0.04575,2.09419,0,0.22114,0,0.14044,0.12841,0,0.02112,0.04582,0,0.09198,0.13934,1.93216,0.25534,0,0,0.39486,0,0.08166,0.02543,2.1274,0.0196,0,0.24456,0.40746,0,0,0.43041,0.08864,0.08896,1.02948,0.03551,0.73158
Haemophilus parahaemolyticus,0.05918,0.00055,0.31256,0.00167,0,0,0.01095,0.24978,0.26334,0,17.01715,0,0,0,0,0,0,0,0.28909,13.11388,0,0.18723,3.76469,0,0.13789,1.36423,0,8.22206,0,0.00629,0,0.93082,2.02648,0.10585,0.37248,0.08854,0.0461,0,0.02664,0
Haemophilus parainfluenzae,1.13567,1.66539,16.15024,4.76494,7.06405,0.52072,8.40889,11.52751,5.25805,4.63068,3.47896,0.32696,3.62785,0.11156,0.40282,12.05971,9.16237,1.58161,18.61309,6.08786,8.77618,9.89498,6.28681,5.28076,4.86139,7.06368,7.49257,2.97287,9.38418,1.70447,1.46827,5.83252,12.52466,8.80425,16.22631,5.97842,4.79072,3.78166,5.50633,19.78748
Haemophilus paraphrohaemolyticus,0.00992,0,0.05043,0,0,0,0.00224,0.67158,0.07562,0,1.3827,0,0,0,0,0,0,0,0.05502,2.85535,0,0.00853,0.30233,0,0.00871,0.32774,0,0.37312,0,0,0,0.10267,0.08708,0.02119,0.78847,0.01193,0.05587,0,0,0
Haemophilus sputorum,0.00498,0.012,0.00435,0.15958,0.02371,0,0.65871,1.5807,0.05896,0.06959,0.05854,0,0,0,0.04677,0.00566,1.24725,0.09802,0.23055,0.2343,0,0.03212,0.87084,0,0.04496,0.07205,0.00607,0.05384,0,0.01011,0,0.00884,0,0.29163,0.06055,0.07652,0.06409,0.23587,0.51204,0.03053
Halomonas unclassified,0,0,0,0,0,0,0,0,0,0,0,0,0,0,0,0,0,0,0.04861,0,0,0,0,0,0,0,0,0,0,0,0,0,0,0,0,0,0,0,0,0
Kingella denitrificans,0,0.00799,0.07897,0.0144,0,1.08268,1.67828,0.17142,0.11114,0.02616,0.11689,0,0.01232,0,0,0.2107,0,0,0,0,0,0.03783,0,0.09692,0,0.05975,0,0,0.13971,0.07515,0,0,0,0.04932,0,0.06169,0,0.20308,0,0.06476
Kingella kingae,0.00246,0,0,0,0,0,0,0,0,0,0,0,0,0,0,0,0,0,0,0,0,0,0,0,0,0,0,0,0,0,0,0,0,0,0,0.01523,0,0,0,0
Kingella oralis,0,0,0,0,0,0,0,0,0,0,0,0,0,0,0,0.04684,0,0,0,0,0,0,0,0,0,0,0,0,0,0.09115,0,0,0,0,0,0,0,0,0,0
Kingella unclassified,0,0.00363,0,0.00805,0,0,0,0.27941,0,0.32519,0,0,0,0,0,0,0,0.0909,0,0,0,0.00772,0,0,0.09663,0,0,0.05212,0.19238,0.13582,0.06194,0,0,0.01357,0,0.11237,0,0.10669,0,0.00598
Lachnoanaerobaculum saburreum,0.00476,0.00393,0,0,0,0.10928,0,0,0,0,0,0,0.03743,0,0,0,0,0.03501,0.01964,0,0,0,0,0,0.00664,0.02678,0.00495,0,0.07533,0.0166,0,0,0,0,0,0.00109,0.05157,0,0.0509,0
Lachnospiraceae bacterium ICM7,0.03575,0.03274,0.20381,0.06203,0,0.06161,0.1877,0.01665,0.06,0.11359,0,0,0,0.08546,0.04522,0.04699,0.00311,0.39077,0.07015,0,0.00253,0.03912,0.17069,0.07678,0.20428,0.06162,0.42534,0,0.09566,0.00067,0.1229,0.08766,0,0.0553,0.0256,0.24589,0.00081,0,0.07664,0.02711
Lachnospiraceae bacterium oral taxon 082,0.03211,0.1662,0,0,0,0.03095,0,0,0.00546,0,0,0,0.1603,0,0.11525,0,0.0156,0.01807,0.04211,0,0,0.00192,0.04609,0.02484,0.13406,0.10179,0.04854,0,0,0,0.01325,0,0.00494,0,0,0.036,0.0706,0,0.07842,0
Lachnospiraceae oral taxon 107,0,0.00042,0,0,0.2193,0.02216,0.01368,0,0.00528,0.02553,0,0,0,0,0,0,0,0.02554,0.04493,0,0,0.00043,0,0,0,0,0.00676,0,0,0.09537,0,0,0,0,0,0,0,0,0,0
Lactobacillus salivarius,0,0,0,0,0,0,0,0,0,0,0,0,0,0,0,0,0.09833,0,0,0,0,0,0,0,0,0,0,0,0,0,0,0,0,0,0,0,0.00185,0,0,0
Lactococcus garvieae,0,0,0,0,0,0,0,0,0,0,0,0,0,0,0,0,0,0,0,0,0,0,0,0,0,0,0,0,0,0.0048,0,0,0,0,0,0,0,0,0,0
Lautropia mirabilis,0.1001,0.06096,1.18884,0.01018,0.5949,4.10052,0.05951,1.05953,0.63229,0.75857,2.15006,0,0.2562,0.00256,1.30145,10.41118,0.2577,3.43654,5.04193,0.28699,0,0.16595,0.15087,0.63617,1.36544,0.16237,0.18314,1.35298,0.31521,4.38006,0,0.05751,0,3.09617,2.17828,0.23095,0.91779,5.09122,0.07159,3.21861
Leptotrichia buccalis,0.00875,0.01427,0,0.00161,0,0.28022,0.01121,0,0.0542,0,0.12579,0,0,0.05394,0.05192,0,0,0.06282,0.02546,0,0,0.01353,0,0,0.00956,0.00801,0.02069,0.04306,0,0.22487,0,0,0,0.00883,0,0.02156,0.02136,0,0.33127,0.10693
Leptotrichia hofstadii,0,0.00025,0,0,0,0.06176,0,0,0.00312,0,0,0,0,0.01538,0.01898,0,0,0.09685,0.07008,0,0,0,0,0,0,0,0,0,0,0.15116,0,0,0,0,0,0.01035,0.00163,0,0.12542,0
Leptotrichia shahii,0.0824,0.05306,0,0,0,0.03105,0,0,0,0,0.06054,0.0262,0,0.00419,0.11833,0,0,0.10199,0.07471,0,0,0.00507,0.0046,0,0.04393,0.02874,0,0,0,0.01434,0,0,0,0,0,0.01687,0.14458,0.01444,0.23263,0
Leptotrichia sp oral taxon 215,0,0,0,0,0,1.11402,0,0,0,0,0,0,0,0.67977,0,0,0,2.02408,0,0,0,0,0,0,0,0,1.04709,0,0,0,0,0,0,0,0,0,0,0,0,0
Leptotrichia unclassified,0.16766,0.14275,0,0.01607,0.42687,0,0.04592,0,0.10738,0.10373,0.10114,0.49674,0.04177,0,0.27841,0.0158,0.12574,0,0.65899,0.13784,0.39924,0.0455,0.15957,0.25173,0.22969,0.28003,0,0.56036,0.33765,1.07721,0.10828,0.15901,0.26994,0.09914,0.01848,0.12581,0.24302,0.23683,1.32226,0.48633
Leptotrichia wadei,0.38272,0.28671,0,0.00256,0,0.26262,0.00242,0,0.00154,0,0.6408,0.67013,0,0.02451,0.63981,0,0.0554,0.68002,0.82831,0,0,0.02515,0.11853,0.20685,0.49181,0.32803,0.02423,0.00683,0,0.02128,0.05021,0.02365,0.18121,0.04216,0,0.22639,0.68235,0.28848,1.82293,0.07758
Megasphaera micronuciformis,5.69414,5.86042,0,0.05153,0.69637,0.52989,0,0,0,0,0.20319,10.02241,2.57209,0.06584,7.24802,0,0,0.49924,1.44957,0,0,0.58635,1.55718,5.0968,1.87266,5.25037,1.33519,0.3258,0.00487,0,6.10906,0,0.952,0,0,0,9.14734,0.07216,0.12003,0
Megasphaera unclassified,0,0,0,0,0,0,0,0,0,0,0,0,0,0,0,0,0,0,0,0,0,0,0,0,0,0,0,0,0,0,0,0,0,0,0,0,0,0.1222,0,0
Meiothermus silvanus,0,0,0,0,0,0.00244,0,0,0,0,0,0,0,0,0,0,0,0,0,0,0,0,0,0,0,0,0,0,0,0,0,0,0,0,0,0,0,0,0,0
Mitsuokella unclassified,0,0.0029,0,0.00297,0,0,0,0,0,0,0.09485,0.20664,0,0,0.01073,0,0,0,0,0,0,0,0,0,0,0,0,0,0,0,0,0,0,0,0,0,0.01909,0,0.03189,0
Moraxella catarrhalis,0,0,0,0,0,0,0,0,0,0,0,0,0,0,0,0,0,0,0,0,0,0,0,0,0,0,0.03735,0,0,0,0,0,0,0,0,0,0,0.10939,0,0
Mycoplasma orale,0,0,0,0.0007,0,0.00534,0.04161,0,0,0.15282,0,0,0,0.01717,0,0,0,0.05901,0.01868,0,0,0.00105,0,0.0616,0,0.00732,0,0,0,0,0,0,0,0.10245,0,0.01334,0,0,0,0.05915
Mycoplasma pneumoniae,0,0,0,0,0,0,0,0,0,0,0,0,0,0,0,0,0,0.12716,0,0,0,0,0,0,0,0,0,0,0,0,0,0,0,0,0,0,0,0,0,0
Neisseria bacilliformis,0,0,0,0,0,0.15418,0,0,0,0.12635,0,0,0.09881,0,0,0,0,0,0,0,0,0.00078,0,0,0,0,0,0,0,0,0,0,0,0.00317,0,0,0.01464,0,0,0
Neisseria cinerea,0,0,0,0,0,0,0,0,0,0.21353,0,0,0,0,0,0,0,0,0,0,0,0,0.02133,0,0,0,0,0,0,0,0,0,0,0,0,0,0,0,0,0
Neisseria elongata,0,0.0158,0.02551,0.01099,0.1892,0.89881,0.22218,0,1.46797,1.60687,0.19988,0,0,0.24541,0.30707,0.09726,0.18063,0.19958,0.3521,0.05899,0,0.97256,0.02388,0.04856,0.02547,0.14816,0.44939,0,0.17308,0.91627,0.03724,1.06025,0.29591,0.55766,2.6252,0.274,0.0512,0,0.01183,0.02044
Neisseria flavescens,3.03855,2.00389,43.69965,19.33782,1.23305,2.85722,16.04861,17.46825,25.96247,10.60043,3.6802,0.21372,1.57673,0.41041,0.58421,18.94766,4.02785,4.75027,5.48063,2.10977,16.47957,32.11747,3.13048,4.6434,16.56643,5.33894,7.95872,0.37373,14.47246,2.15243,0.9411,21.31001,13.5457,39.57573,53.36849,23.96954,0.71995,0.32947,4.4083,4.01081
Neisseria gonorrhoeae,0,0,0,0.00364,0,0.00779,0.00993,0,0.04166,0.02295,0,0,0,0,0,0.00843,0,0,0,0,0,0.06795,0.02713,0,0,0,0,0,0,0,0,0,0,0,0.1222,0.00712,0,0.76337,0,0
Neisseria lactamica,0,0.01242,0.01467,0.00296,0,0,0,0.02698,0.10606,0.01203,0,0,0,0,0,0,0,0,0,0,0,0.00506,0.00749,0,0,0.01092,0,0,0,0,0,0.00438,0,0.05095,0,0.00795,0,1.29301,0,0.04851
Neisseria macacae,0.01234,0.07045,0.04087,0.00421,0.03677,2.82326,0.01165,0.04373,1.50421,0.14991,0.04127,0,0.08714,0,0.00782,0.3262,0.13372,0.03555,0.05042,0.53101,0,0.03947,0.03575,0.09757,0.0859,0.01167,0.02283,0.15184,0.19753,1.16493,0,0.34539,0.04551,0.09402,0.77394,0.09548,0.09008,0.14391,0.04819,0.03346
Neisseria meningitidis,0.01768,0.0026,0.01698,0.00896,0,0,0.0355,0.11803,0.01029,0.0889,0,0.03136,0,0.01256,0.00211,0.08507,0.18095,0.00866,0,0.03574,0,0.02173,0.06819,0.13827,0.01108,0.01246,0.02707,0.48528,0.03458,0.00697,0.08124,0.09632,0.04901,0.02242,0.02574,0,0.00815,2.38335,0.00952,0
Neisseria polysaccharea,0,0,0,0,0,0,0,0,0.01802,0,0,0,0,0,0,0,0,0,0,0,0,0,0.02033,0,0,0,0,0,0,0,0,0,0,0,0,0,0,1.40822,0,0
Neisseria sicca,0.01282,0.03088,0.46555,0.03981,0.32618,5.8127,0.63718,0.23828,8.17191,1.55526,0.76601,0,0.87447,0.10516,0.35202,1.2565,0.1636,0.41112,0.20759,1.53532,0,1.7396,0.08297,0.18995,0.29642,1.90002,2.2727,0.5993,1.7447,1.36182,0.02915,2.08637,2.06214,0.22909,2.09787,0.62513,0.12937,4.00189,0.04197,2.09688
Neisseria sp oral taxon 014,0,0,0,0,0,6.24952,0,0,0,0,0,0,0,0,0,0,0,0,2.18354,0,0,0.32966,0,0,0,0,0,0,0,10.19288,0,0,0,0,0,0,0,0,0,0
Neisseria subflava,1.42341,0.13847,1.97939,2.60971,0.0954,0.1654,0.03833,0.02513,0.66224,0.12837,0.4656,0,0.12888,0,0.09098,0.88878,0.11611,0.07096,0.2153,0.06446,0.00138,0.60956,0.4811,0.21532,1.31471,0.20301,0.10304,0.12884,0.15276,0.00161,0.05977,0.45964,0.50175,4.54457,0.1676,0.43135,0.00621,0.09409,0.07884,0.09003
Neisseria unclassified,2.37765,2.78282,2.78472,10.34459,6.60865,8.44274,20.63834,12.4441,19.69327,12.5991,21.01668,0.77968,13.6147,0.58755,1.54139,22.26189,7.63326,17.27784,7.58759,11.08408,0,1.59184,18.66549,6.98118,9.5466,4.63991,17.33535,4.14247,4.7577,0,0.7742,10.37236,3.37884,0,0,7.11417,3.80034,18.25001,7.20032,18.08702
Oribacterium sinus,0.16646,0.04531,0.01277,0.18331,0,0.59754,0.02626,0.00252,0.01643,0.14066,0,0.18833,0.1317,0.19049,0.18173,0.60618,0.23064,0.8674,0.07334,0,0.02299,0.03611,0.18618,0.09239,0.08778,0.13559,0.23491,0.01159,0.16502,0.00245,0.56531,0,0.09736,0.11691,0,0.02182,0.32387,0.03919,0.75753,0.00242
Oribacterium sp ACB1,0,0.46486,0,0,0,0,0,0,0,0,0,0,0,0,0,0,0,0,0,0,0,0,0,0,0,0,0,0,0,0,0,0,0,0,0,0,0,0,0,0
Oribacterium sp ACB8,0.12205,0,0,0,0,0,0,0,0,0,0,0,0,0,0,0,0,0,0,0,0,0,0,0,0,0,0,0,0,0,0,0,0,0,0,0,0,0,0,0
Oribacterium sp oral taxon 078,0,0,0,0,0,0,0,0,0,0,0,0,0,0,0,0,0,0.20413,0,0,0,0,0,0,0,0,0.00573,0,0,0,0,0,0,0,0,0,0,0,0,0
Parvimonas micra,0,0,0,0.01883,0,0,0,0.594,0.01732,0,0,0,0,0,0,0,0.03082,0,0,0.00269,0,0.00042,0,0,0,0.03096,0.00488,0,0,0,0.05447,0.05765,0,0.00286,0,0,0.00455,0,0,0
Parvimonas unclassified,0.00041,0.00873,0,0.09402,0,0.08077,0.01473,0,0.11187,0,0.00207,0,0,0.05859,0,0.0274,0.28135,0.00542,0.00637,0.08738,0.09871,0.02917,0,0.00733,0,0.07065,0.09789,0.19174,0.09313,0.00953,0.16803,0.12794,0,0.01446,0.00905,0.0656,0.00736,0,0,0.10421
Peptostreptococcus stomatis,0.00722,0.00717,0.01296,0.02773,0,0.03874,0.0143,0,0.03835,0.41442,0,0,0,0.0098,0.03056,0.01261,0.04831,0.01974,0,0,0,0.03416,0,0.03308,0,0.05018,0.02728,0.18767,0.01723,0,0.08061,0.05544,0,0.00284,0,0.03903,0.00826,0,0,0.01131
Peptostreptococcus unclassified,0.01979,0.0294,0.07843,0.04171,0.06544,0.01528,0.0528,0,0.00017,0.23017,0,0,0,0.01681,0,0.01426,0.0068,0.01893,0,0,0.00904,0.05858,0.01764,0.1246,0.01624,0.01779,0.03194,0,0.06236,0,0.01132,0.01796,0,0.01845,0.00666,0.07817,0.03096,0,0.02316,0
Porphyromonas catoniae,0,0.02379,0,0.002,1.40956,5.23778,0.00111,0,0.00359,0.0925,0,0,0,0.00881,0,0,0,0,0,0,1.55821,0.00087,0,0,0,0,0.02237,0,0.26326,0.21128,0,0,0,0,0.01197,0.00591,0,0,0,0
Porphyromonas endodontalis,0,0.00296,0.55183,0.41473,0,0.05595,1.02239,4.31482,0.67484,0.99118,0.79809,0,0,0.20322,0.48172,1.22624,4.42123,0.06769,0.12075,0.43746,0.04075,0.76649,0.13302,0.06176,0.03787,1.67108,0.81519,5.71314,0.01084,0.02546,1.13252,0.46744,0.2599,0.60695,0.03657,1.68583,0.09884,0.0175,0,0.43329
Porphyromonas gingivalis,0,0,0,0.30354,0,0.00619,0,0,0.78157,0.70085,0.29736,2.0803,0.03442,0.26089,0.74527,0.35775,0,1.44326,0,0.53005,0,0,0,0,0.13965,0.96701,0,0.47982,0,0.1572,0.38571,0,0.74905,0.75688,0,0.58165,0.33743,0.66376,0,1.80445
Porphyromonas sp oral taxon 278,0,0,0,0,0,2.13864,0,0,0.37886,0,0,0,0,0,0,0,0,0,0,0,0,0,0,0,0,0,0,0,0,0,0,0,0,0,0,0,0,0,0,0
Porphyromonas sp oral taxon 279,0.18029,1.54668,3.08677,8.74643,1.45141,4.27576,7.1766,8.23574,10.03857,0,0,0,0,29.80422,0,5.22385,3.79182,0.88152,2.12891,4.22811,6.34853,2.46913,1.67876,5.38849,1.76478,3.16679,4.95676,0,2.29422,0.22181,0.60114,7.8198,0,5.23386,2.9862,9.71402,0,0,3.12088,3.84125
Prevotella amnii,0,0,0,0,0,0,0,0,0,0,0,0,0,0,0,0,0,0,0,0,0,0,0,0,0,0,0,0,0,0,0,0,0,0,0.00054,0,0,0,0,0
Prevotella baroniae,0,0,0.07307,0.02394,0.00306,0,0.00882,0,0.05163,1.44699,0.18208,0,0.13885,0.01546,0.02597,0.12043,0.21571,0,0.0191,0,0,0.00818,0,0,0,0.22015,0.03817,1.03169,0,0,0,0.00793,0,0,0,0,0.06144,0,0,0.09519
Prevotella buccae,0,0,0,0.00034,0,0,0,0,0.0005,0,0,1.34825,0,0,0,0,0,0,0,0,0,0.00033,0,0,0,0.19406,0,0,0,0,0,0,0,0.00845,0,0.08272,0,0,0,0
Prevotella dentalis,0,0,0,0.00134,0,0,0,0,0.02464,0,0.01139,0,0.08571,0,0.01255,0,0,0,0,0,0,0,0,0,0,0,0,0,0,0,0,0,0,0.01461,0,0,0,0,0,0.03778
Prevotella denticola,0,0.06044,0,0.0248,0,0,0.00822,0,0,0.01593,0.1001,0.57789,0.11219,0.01432,0.16036,0.1224,0,0.08684,0.05368,0,0,0.00157,0,0,0.01669,0.04773,0.22752,0,0,0.03657,0,0.11182,0,0.01838,0,0.21738,0.34218,0,0.04256,0.09425
Prevotella histicola,9.00907,7.52711,0,0,1.44336,0,0,0,0,0,0.88842,0.23212,16.33089,0,4.61009,0,0.00174,0.83251,1.4135,0,0,0.15846,2.13874,0,6.36893,5.27335,0.24731,1.42879,0.53268,0,0,0,0.1725,0,0,0,1.30118,1.09628,0.82333,0
Prevotella intermedia,0,0,0.64782,0.03642,0.0929,0.01266,0.23162,0,0.16809,1.2321,0,0,0.05618,0.04091,0.14007,0,0,0.14343,0,0.33071,0,0.07549,0.02335,0.08888,0.08064,0.7604,0.31014,0,0.12041,0.00117,0.39679,0.77199,0.02206,0.10282,0.02701,0.26916,0.24533,0.53657,0,0.62653
Prevotella loescheii,0,0.00937,0,0.01025,0,0.03631,0.04804,0,0.01005,0.02906,0,0,0,0.05015,0,0,0,0.01202,0,0,0,0.04238,0.02792,0,0,0.01916,0.01043,0,0.02298,0.04682,0,0.00763,0,0.02684,0.02818,0,0,0,0,0
Prevotella maculosa,0,0.00762,0,0,0,0.0199,0.00053,0,0,0.05808,0,0,0.01732,0,0,0.00443,0,0.09299,0,0,0,0.00132,0,0,0,0.00235,0,0.01895,0.08526,0,0,0,0,0,0,0.00332,0.02533,0,0.07603,0
Prevotella marshii,0,0,0,0,0,0,0,0,0.00509,0,0,0,0,0,0,0,0,0,0,0,0,0,0,0,0,0.01357,0,0,0,0,0,0,0,0,0,0,0,0,0,0
Prevotella melaninogenica,10.33166,8.80287,3.77931,7.12448,11.35853,10.57814,6.85126,2.06197,2.05012,5.78471,1.72605,7.22796,1.75892,2.11285,5.05966,0.34324,3.76918,8.68312,1.5542,0.60441,0.22859,11.62477,7.66716,13.32644,7.60346,14.25768,13.39626,2.64548,4.48722,0.18225,19.33262,10.04753,3.61545,5.11111,0.47277,6.51717,4.09879,2.06963,2.453,0.60701
Prevotella micans,0,0,0,0,0,0,0.00268,0.06357,0.00304,0,0,0,0,0.01112,0,0,0,0,0,0,0,0.00044,0,0,0,0,0.01802,0,0,0,0,0,0,0,0,0,0,0,0,0
Prevotella multiformis,0,0,0,0.01131,0,0.25585,0,0,0.10786,0,0.02113,0,0,0,0,0.00264,0,0,0,0.12017,0,0.01044,0,0,0,0.19232,0.01314,0,0,0,0,0,0.93191,0,0,0,0.25034,0,0,0.27902
Prevotella multisaccharivorax,0,0,0,0,0,0,0,0,0,0,0,0,0,0,0,0,0,0,0,0,0,0,0,0,0,0,0,0,0,0,0,0,0,0,0,0,0.05716,0,0,0
Prevotella nanceiensis,0.00036,0.79019,0.61365,5.25494,0.26476,1.10404,1.05107,0.45034,1.69774,3.00531,0,0,0.47863,14.39063,0.12341,0,1.44106,0.3126,1.2209,0.58257,1.57572,3.59789,0.78718,0.63787,0.68363,1.66069,3.78878,0.28467,0.32852,0.03703,0.2259,0.48553,0.41377,0.94221,0.27393,6.77124,0.01267,0.11522,0.81804,0.54086
Prevotella nigrescens,0.00224,0.14835,0.17168,0.02306,0.07611,0.00441,0.08128,0.79256,0.02318,0.2766,0,2.55803,0,0,0.11639,0.0123,0.20803,0.08726,0,0,0,0.0586,0.02875,0,0.01773,0.11442,0.4172,0,0.0672,0.00047,0,0.01075,0.05693,0.02883,0.05008,0.28699,0.07584,0,0.10805,0.05124
Prevotella oris,0.02416,0.07934,0,0.10178,0.21828,0.12492,0.01199,0.12369,0.02155,0.29045,0.03209,1.33456,0.44406,0.03123,0.14697,0.09303,1.43615,0.05233,0.0816,0.21848,0,0.02768,0.19457,0.05341,0,0.24665,0.11169,0,0.04431,0.00935,0,0.01922,0,0.00842,0,0.04647,0.04258,0.1628,0.07273,0.10124
Prevotella oulorum,0.0617,0.45311,0,0.00335,0.00315,0.83154,0.00063,0,0.00968,0.00303,0.05431,0.0497,0.25214,0.00454,0.72106,0.15326,0.12021,0.40038,0.52827,0,0,0.07197,0.4384,0.13864,0.81369,0.79828,0.09203,0,0.11537,0.0131,0.12115,0,0.15621,0,0,0.10767,0.92461,0,0.07477,0
Prevotella pallens,1.5328,4.30536,0.35844,0.32254,1.48832,0.72078,0.05887,0,0.00672,0,0.19701,7.09536,3.42932,0.01848,5.08124,0.75235,0.83415,1.71253,0.71513,0,0.04266,0.30675,2.93873,3.22392,2.73563,3.75043,0.85239,0.38605,0.16605,0.00098,1.43827,0.03851,0.38133,0.43793,0,0.07189,2.35998,0.25651,0.4175,0
Prevotella pleuritidis,0,0.00693,0.00505,0.0216,0,0,0.14402,1.4004,0.1452,0,0.01975,0,0,0.01362,0,0,0.15049,0.03484,0,0,0,0.04253,0.02761,0,0,0.01305,0,0,0,0,0.05065,0.94826,0,0.09789,0.01086,0.0272,0.03442,0,0,0
Prevotella saccharolytica,0,0,0,0,0,0.00116,0.00506,0,0,0.01342,0,0,0,0,0,0,0,0.00557,0,0,0,0.00514,0,0,0,0,0,0,0.09149,0.012,0,0,0,0,0,0,0,0,0.02772,0
Prevotella salivae,3.63144,2.47883,0.11218,0.05243,0.75867,0.16894,0.02332,0,0.02451,3.46277,0.12531,5.53008,2.16739,0.23158,5.85974,0.78593,0.57257,0.41637,0.90391,0,0.00895,0.21162,0.74071,0.36379,1.63288,1.87704,0.41023,0.41704,0,0.00198,2.37722,0.18675,1.0518,0.29923,0,0.6173,3.01073,0.17218,0.16835,0
Prevotella sp C561,0,2.95286,0,0,0,2.19388,0,0,0,0,0,0,8.79049,0,0,0,0,3.02419,0,0,0,0,0,4.83815,0,0,0,0,0,0,0,0,0,0,0,0,0,0,0,0
Prevotella sp oral taxon 306,5.61547,5.4371,0,0,0,0,0,0,0,0,0,0,0,0,7.7674,0,0,0,0,0,0,0,0,0,0,0,0,0,0,0,0,0,0,0,0,0,0,0,0,0
Prevotella sp oral taxon 473,0,0,0.53372,0,0,0.81191,0,0,0,0,0,0,0,0,0,0,0,0,0,0,0,0,0,0,0,0,0,0,0,0,0,0.95946,0,0,0,0,0,0,0,0
Prevotella veroralis,0.09609,0.06096,0.00466,0.0191,0.11635,0.01111,0.03153,0,0.03877,0.27943,0.02314,0,0.02213,0.00628,0.1205,0,0.22434,0.09779,0.05797,0,0.00533,0.01102,0.00556,0.03395,0.03469,0.47116,0.23781,0.16402,1.2913,0.0097,0.11052,0.04299,0.03056,0.01858,0,0.06045,0.26979,0.25815,0,0.05139
Propionibacterium acnes,0,0,0.00043,0,0,0,0,0,0,0,0,0,0,0,0,0,0,0,0.00708,0,0,0,0,0,0,0,0,0,0,0,0,0,0,0,0,0,0,0,0.00715,0
Propionibacterium propionicum,0,0.04165,0,0.00343,2.52521,0.60053,0.03156,0,0.01247,0.03241,0,0,0,0.03495,0,0,0,0,0.03072,0,0.40584,0.02292,0,0.02732,0.02754,0,0.03141,0,0.0994,3.61729,0,0.06822,0,0.01135,0.09148,0.03199,0,0.05107,0.07397,0.12633
Pseudomonas putida,0,0,0,0,0,0,0,0,0,0,0,0,0,0,0,0,0,0,0,0,0,0,0,0,0,0,0,0,0,0.00188,0,0,0,0,0,0,0,0,0,0
Pseudomonas unclassified,0,0.01339,0.01774,0,0,0.06199,0.03267,0,0,0,0,0,0,0,0,0,0,0,0.04965,0,0.03399,0,0,0,0,0,0.05956,0,0.24808,0,0,0,0.2384,0,0.16799,0,0,0,0.81026,0
Ralstonia unclassified,0.02093,0.00409,0,0.00872,0,0.01397,0.01513,0.13319,0.02561,0,0,0.35353,0,0,0.00807,0,0,0.01378,0.09236,0.04631,0.03576,0,0,0,0,0,0,0.16538,0.04412,0.02237,0,0,0,0,0.00798,0,0,0,0.44168,0.01421
Riemerella unclassified,0,0,0,0,0,0,0.00801,0,0,0,0.04418,0,0,0,0,0,0,0,0,0,0.04568,0,0.01754,0,0,0,0,0,0,0.01446,0,0,0,0.01318,0,0,0,0,0,0
Rothia aeria,0.07417,0.0401,0.19386,0.01776,2.78533,1.37104,0.0295,0.22513,0.03367,0.16905,0.08807,0,0.00332,0.12252,0.35603,4.96576,0.06323,0.11796,0.68714,0.11418,16.01369,0.05326,0.19313,0.22009,0.63816,0.03927,0.0804,2.95688,0.28842,16.63339,1.15282,0.25819,0.08235,0.71304,1.07651,0.11407,0.43608,0.14684,0.08916,0.25599
Rothia dentocariosa,0.00174,0.09937,0.01871,0.24871,1.86744,0.44679,0.02924,0,0.0081,0.09843,0.00327,1.11445,0.20376,0.02933,0.23782,0.38953,2.58971,0.01979,0,0,0.00887,0.0995,0.39517,0.09682,0.33622,0.04702,0.59089,26.93664,0.19165,6.12744,0.37523,0.09925,0.97616,0.02839,0,0,0.19801,0.36532,0.70576,0.02208
Rothia mucilaginosa,0.75362,0.37616,1.65901,0.7779,0.14867,0.38067,0.59887,0.87438,0.79624,6.23087,0.3715,2.1484,0,0.07769,0.26657,4.21623,21.59239,1.9765,4.46382,0.56913,1.90344,0.77764,0.64484,1.75042,1.49848,1.01853,3.17742,1.9831,0.21384,0.09001,1.68182,2.43366,9.76198,1.99734,6.29606,3.45116,1.31787,4.23336,15.13005,9.19022
Scardovia wiggsiae,0,0.02112,0,0.00608,0,0,0,0,0,0,0,0,0.19402,0,0,0,0,0,0,0,0,0,0,0,0,0,0,0,0,0.00165,0,0,0,0,0,0,0,0,0,0
Selenomonas flueggei,0.02407,0.04365,0,0.00032,0,0.15323,0,0,0,0,0,0,0,0,0.04558,0,0,0.02427,0.06248,0,0,0.00681,0,0,0.0203,0.05062,0,0,0,0,0,0,0,0.00181,0,0,0.0992,0,0,0
Selenomonas infelix,0,0,0,0,0,0.02441,0.00427,0,0,0,0,0,0,0,0,0,0,0,0,0,0,0,0,0,0,0,0,0,0,0,0,0,0,0,0,0,0,0,0,0
Selenomonas noxia,0,0.01219,0,0.00146,0,0.60891,0.01464,0,0,0.00635,0,0.42097,0,0.01877,0.00591,0,0.00825,0.10806,0.23298,0,0,0,0,0,0,0,0,0,0,0.01312,0,0,0,0,0,0,0.07416,0,0.02171,0
Selenomonas sputigena,0,0.00987,0,0,0,0.05671,0,0,0,0,0,0,0,0,0.01822,0,0,0,0,0,0,0.00281,0,0,0,0.01571,0,0,0,0,0,0,0,0,0,0,0.06047,0,0,0
Shuttleworthia satelles,0.26015,0.00453,0,0,0,0,0,0,0,0,0,0,0,0,0,0,0,0,0,0,0,0,0,0,0,0,0,0,0,0,0,0,0,0,0,0,0,0,0,0
Simonsiella muelleri,0,0.00159,0,0,0,0,0.14411,0,0,0,0,0,0,0,0,0,0,0,0,0,0,0,0,0,0,0.01417,0,0,0,0.00034,0,0,0,0,0,0,0,0,0,0
Slackia unclassified,0.00347,0.00158,0,0,0,0,0,0,0,0,0,0.03981,0,0,0.00078,0,0.00526,0,0,0,0,0,0,0,0,0,0,0,0,0,0.00403,0,0,0,0,0,0,0,0,0
Solobacterium moorei,0.79014,0.5525,0.36815,0.44093,0.0057,0.05339,0.11904,0.03483,0.1275,0.11755,0.03323,0.40386,0.09803,0.16512,0.32031,0.01857,0.08939,0.33516,0.07925,0,0.00244,0.35583,0.10328,0.23571,0.30602,0.38456,0.29442,0,0,0,0.7308,0.2904,0.28487,0.0771,0.01083,0.21031,0.87987,0,0.20044,0.00216
Sphingomonas melonis,0,0,0,0,0,0,0,0.29849,0,0,0,0,0,0,0,0,0,0,4.34621,0,0,0,0.04398,0,0,0,0,0,0,0,0,0,0,0,0,0,0,0,0,0
Staphylococcus aureus,0,0,0,0,0,0,0,0,0.00906,0,0,0,0,0,0,0,0,0,0,0,0,0,0,0,0,0,0,0,0,0,0,0,0,0,0,0,0,0,0,0
Stomatobaculum longum,3.25703,2.20833,0,0.15993,0,0.06188,0.21352,0.00212,0.05729,0.00932,0.03128,0.1759,0.04441,0.00242,1.2863,0,0.01896,0.16755,0.31592,0,0.02414,0.01804,0.13722,0.45185,0.46385,0.55693,0.30709,0,0.29307,0,0,0.06889,0.06119,0.03385,0,0.03021,0.81146,0,0.47531,0
Streptococcus anginosus,0.02343,0.02832,0,0,0,0.08796,0.00038,0,0.0004,0.19142,0,0.42024,0.07896,0,0,0,0.11698,0.01543,0,0.03324,0,0,0,0,0,0,0,0.01925,0,0.02919,0,0,0,0,0,0,0.06565,0,0,0
Streptococcus australis,0.03738,0.02488,0.09786,0.04133,0,0.43263,0.06357,0.13849,0.00737,0.51885,0.03737,0,0,0.03431,0.02372,0.13169,0,0.12099,0.14438,0.06155,0.16737,0.02023,0.1363,0.19666,0.37034,0.03894,0.07134,0,0.58372,0.06302,0.11045,0.23786,0.02167,0.12058,0.09528,0.05824,0,0,0.4169,0.36473
Streptococcus constellatus,0,0.01309,0.00558,0.0042,0,0,0.01791,0.09929,0,0,0.00271,0,0,0.00272,0.01304,0,0,0,0,0.00582,0,0.00332,0,0.03208,0,0,0,0,0,0,0,0,0,0,0,0,0,0,0,0
Streptococcus cristatus,0.01196,0.0612,0.00128,0.00839,0.02875,0.04551,0.01573,0,0.0217,0.04993,0.02674,0,0,0,0.01419,0.02569,0.51871,0.13714,0.07279,0,0,0.00748,0,0,0,0.01031,0.015,0.07441,0,0.07816,0.03675,0,0.08453,0,0,0,0.12366,0.09727,0,0.06578
Streptococcus gordonii,0,0.03541,0,0,0,0,0,0,0.00197,0,0,0.21959,0,0.04127,0,0,0.13433,0.07753,0,0,0.03972,0,0,0,0,0.01702,0.02669,0,0,0.05685,0,0,0,0,0,0,0,0,0.00514,0
Streptococcus infantis,0.59433,0.71281,0.03568,0.38528,0.14581,0.21314,0.0742,0.0678,0.92294,1.93763,0.82146,0.70712,1.85809,0.32567,0.2437,0.88363,1.61471,0.72783,2.85307,0.28326,2.40527,0.2218,0.62746,0.4546,0.19027,0.09551,0.78018,0.65016,0.12511,0.19379,0.4945,0.74792,0.34962,0.62866,0.45356,0.30157,0.76752,0.48967,0.8108,1.52652
Streptococcus intermedius,0,0.00342,0,0.00434,0,0,0,0.0204,0,0,0,0,0.01873,0,0,0.10104,0.30318,0,0,0,0.09251,0,0.02305,0,0,0.01287,0,0,0,0,0.45723,0,0,0,0,0,0.01459,0,0,0
Streptococcus mitis oralis pneumoniae,0.09007,0.36998,0.10642,0.18556,4.69296,3.12567,0.1165,3.80195,1.19381,0.43017,3.74194,0,2.18505,2.12291,0.16891,0.0222,0.40146,0.31465,0.26256,2.06665,4.41862,0.23306,2.26773,0.31132,1.51687,1.1291,0.8293,1.88013,30.57851,2.17081,5.28772,0.21081,3.66559,0.20084,1.90731,0.15703,0.98107,11.24646,9.55049,11.5162
Streptococcus oligofermentans,0,0.00255,0,0.00378,0,0.01482,0.01752,0,0.02413,0.0245,0,0,0,0,0.00263,0.02539,0.04741,0.07512,0.10767,0,0,0.00696,0,0,0,0.01118,0.00094,0,0,0.08577,0,0,0,0.00789,0,0,0.06007,0.07486,0,0.12535
Streptococcus parasanguinis,1.54062,1.02085,0,0.00279,0.01357,0.21309,0,0,0.00094,0.14907,1.82843,1.51284,0.92959,0.00632,0.66906,0.55581,4.20565,0.14203,0.94379,0,0.00073,0,0.2813,0.18105,0.48892,0.19151,0.01573,0.98304,0,0,1.86822,0.00256,0.85805,0.00619,0,0.03276,1.71834,0.38966,1.58823,0.00522
Streptococcus peroris,0,0.05281,0.01227,0,0,0,0,0,0,0.07247,0.08099,0,0.0308,0.00912,0.01315,0,0,0,0,0.03531,0.01284,0,0.00469,0,0.03289,0.00902,0.00715,0,0,0.01182,0,0.04504,0,0.04156,0,0.0032,0.02164,0.09504,0.01113,0.05723
Streptococcus pseudopneumoniae,0.00144,0,0,0.0018,0,0,0,0,0.00384,0,0.18504,0,0,0,0,0,0,0,0,0.05527,0,0,0.01115,0,0,0.01407,0.00565,0,0.02178,0.0041,0,0.04608,0,0,0,0,0,0,0.07729,0
Streptococcus pyogenes,0,0,0.0259,0,0,0,0,0,0,0,0,0,0,0,0,0,0,0,0,0,0,0,0,0,0,0,0,0,0,0,0,0,0,0,0,0,0,0,0,0
Streptococcus salivarius,0.28462,0.07196,0,0.06047,0.13563,0.03717,0,0,0.13203,0.19075,0.23026,2.393,1.65897,0.01326,0.59007,0.08796,1.42028,0,0.75294,0,0,0,0.24604,0.62865,0.8736,1.31998,0.01015,1.98447,0.17507,0.04098,2.74897,0.05945,0.56002,0.06899,0,0.05448,7.29752,0.5757,1.84604,0.15202
Streptococcus sanguinis,0.042,0.0365,0.17768,0.04199,0.06783,0.70208,0.0801,0.21015,0.31057,0.13038,0.47749,0,0.30881,0.12347,0.22347,2.6226,0.20261,0.42197,0.52807,0.06414,2.07177,0.06654,0.10382,0.20063,0.02057,0.02142,0.04302,1.07244,0.03086,2.10603,0.13306,0.0094,0.34167,0.50996,0.14101,0.03163,0.28858,1.39153,0.06795,0.77621
Streptococcus sp SK140,0,0.7855,0,0,0,0,0,0,0,0,0,0,0,0,0,0,0,0,0,0,0,0,0,0,0,0,0,0,0,0,0,0,0,0,0,0,0,0,0,0
Streptococcus tigurinus,0,0.04296,0,0.03201,0.02742,0,0,0,0.08068,0,0.506,0,0.12461,0,0.01604,0,0,0,0.06774,0,0,0,0,0.01571,0,0,0.02342,0,0,0.00873,0.12424,0,0,0,0.01618,0,0.04845,0.0185,0,0
Streptococcus vestibularis,0,0,0,0,0,0,0,0,0,0,0,0,0.0279,0,0,0,0,0,0,0,0,0,0,0.02526,0,0,0,0,0,0,0.06139,0,0.14044,0,0,0,0,0,0,0
Tannerella forsythia,0.00356,0.00039,0.01292,0.03256,0,0.01804,0.02878,1.26284,0.07822,0.14486,0,0.08269,0.02081,0.01044,0.12799,0.63613,0.03875,0.25915,0,0,0.01153,0.0391,0.02444,0.0038,0.04202,0.07172,0.08124,0,0,0.00206,0.07295,0.14638,0.06083,0.0387,0,0.0711,0.00751,0.10134,0,0.12718
Thiomonas unclassified,0,0,0,0,0,0,0,0,0,0,0,0,0,0,0,0,0,0,0.06879,0,0,0,0,0,0,0,0,0,0,0,0,0,0,0,0,0,0,0,0,0
Treponema denticola,0,0,0.05407,0.03259,0,0.005,0.00919,0.62338,0.08917,1.08795,0.0016,0,0.08184,0.0898,0.21698,0.31914,0.18534,0.17892,0,0.01115,0,0.02434,0.00494,0,0.01447,0.21958,0.02759,0.01711,0,0.07968,0.03372,0.21574,0.11166,0.05946,0.0005,0.10555,0.08662,0.0873,0,0.71146
Treponema lecithinolyticum,0,0.00238,0,0.00082,0,0,0.00089,0.2931,0,0.04636,0,0,0,0,0,0,0.11145,0.02919,0,0,0,0.00296,0.00231,0,0,0.00606,0.00051,0,0,0,0.03349,0,0,0.01983,0,0.00271,0.0178,0.06891,0,0
Treponema maltophilum,0,0,0,0,0,0.00273,0,0.05781,0,0.09812,0,0,0,0.01048,0.0013,0,0,0.00712,0,0,0,0,0,0,0,0,0,0,0,0.00028,0,0,0,0,0,0,0,0,0,0.00438
Treponema medium,0,0.00348,0.0226,0.00496,0,0.00059,0.02549,0.16294,0.0393,0.33294,0,0.00447,0.01672,0.04832,0.05937,0.03647,0.16425,0.03355,0.01137,0.07876,0,0.01533,0.0084,0.00372,0.00347,0.06635,0.02053,0.22217,0,0.01237,0.06468,0.03178,0,0.08964,0,0.03902,0.02788,0,0.00685,0.12839
Treponema socranskii,0,0.00313,0.02583,0.00271,0,0.00532,0.02,0.14733,0.0092,0.23368,0,0,0.00506,0.17323,0.018,0.01871,0.04448,0.05382,0,0,0,0.01013,0,0,0,0.0264,0,0.00831,0.03868,0.0018,0,0.00971,0,0.11489,0,0.02791,0.00636,0,0.0062,0.04421
Treponema vincentii,0,0,0.00617,0.00314,0,0,0.00497,0,0.02646,0.09091,0,0,0.01315,0.02005,0.01629,0.01108,0.01043,0.00856,0.005,0,0,0.00565,0,0,0,0.03784,0.02562,0.16514,0,0.00729,0.01214,0.02199,0,0.02641,0,0.02063,0.06215,0,0,0.09697
Veillonella atypica,3.10085,1.54549,1.50774,0.07272,1.14176,0.48895,0.47364,0.048,0.06154,0.10696,1.31501,5.66552,1.91286,1.04897,3.39379,0.02987,1.38857,0.8465,1.24263,0.00507,0.0196,0.02823,1.38183,1.79583,0.7112,0.51037,1.04662,0.57959,0.86001,0.02217,1.9943,0.17324,1.47575,0.27276,0,0.16797,5.07382,0.92648,0.62811,0.03178
Veillonella dispar,1.47336,0.97482,0.00868,0,0.2731,0.00773,0.02079,0.00357,0.01904,0.01099,1.2674,2.71015,2.09935,0.02558,3.31025,0.22269,0.16098,0.30202,0.75627,0.02096,0.00295,0.29757,2.02517,0.76626,0.97688,0.81433,0.03595,0.56747,0.93165,0,2.14468,0.01911,0.45275,0.01382,0.00473,0.02704,1.38399,1.43294,0.69969,0.00353
Veillonella parvula,1.8259,6.51306,0.05841,0.15009,1.71011,0.74153,0.15044,0.09361,0.27782,1.52727,0.53692,2.349,2.40031,0.6123,0.99283,0.07807,0.1991,2.85562,0.32479,0.05073,0.49586,0.88075,0.77629,0.60645,0.0363,1.27991,1.43906,0.34538,2.64546,0.13596,0.12144,0.10787,0.35648,0.03028,0.00533,0.02988,0.87045,0.57904,0.14499,0.11055
Veillonella sp oral taxon 780,0,0,0,0,0,0,0,0,0,0,0,0,0,0.26069,0,0,0,0,0,0,0,0,0,0,0,0,0,0,0,0.45747,0,0,0,0,0,0,0,4.42692,0,0
Veillonella unclassified,15.66518,10.89797,6.9781,21.92533,5.38556,6.08006,13.99281,6.50889,4.90374,13.90176,4.23959,16.14521,25.16391,14.73596,18.32003,2.15996,4.02953,20.83774,12.48043,3.22715,3.00504,12.38028,17.89819,14.12424,8.70164,14.48229,14.59749,12.78622,8.38055,0,15.40297,3.25685,5.9445,3.11116,0.54375,2.6537,15.62958,0,7.99896,3.26931
